{
  "mcqdata": [
    {
      "question": "Question 1 Text",
      "options": [
        {
          "option": "Option 1"
        },
        {
          "option": "Option 2"
        },
        {
          "option": "Option 3"
        },
        {
          "option": "Option 4"
        }
      ],
      "answer": 1
    },
    {
      "question": "Question 2 Text",
      "options": [
        {
          "option": "Option 1"
        },
        {
          "option": "Option 2"
        },
        {
          "option": "Option 3"
        },
        {
          "option": "Option 4"
        }
      ],
      "answer": 2
    },
    {
      "question": "Question 3 Text",
      "options": [
        {
          "option": "Option 1"
        },
        {
          "option": "Option 2"
        },
        {
          "option": "Option 3"
        },
        {
          "option": "Option 4"
        }
      ],
      "answer": 0
    },
    {
      "question": "Question 4 Text",
      "options": [
        {
          "option": "Option 1"
        },
        {
          "option": "Option 2"
        },
        {
          "option": "Option 3"
        },
        {
          "option": "Option 4"
        }
      ],
      "answer": 1
    },
    {
      "question": "Question 5 Text",
      "options": [
        {
          "option": "Option 1"
        },
        {
          "option": "Option 2"
        },
        {
          "option": "Option 3"
        },
        {
          "option": "Option 4"
        }
      ],
      "answer": 3
    }
  ],
  "feedback": {
    "correct":"Your answer is correct!",
    "incorrect":"Your answer is in-correct!"
  }
}